gender,race/ethnicity,parental level of education,lunch,test preparation course,math score,reading score,writing score
male,maasai,university,free/reduced,none,20,58,78
female,kamba,polytechnic,free/reduced,completed,18,29,18
female,luo,kcpe,standard,none,35,31,59
male,luhya,university,standard,none,96,79,39
female,maasai,polytechnic,standard,completed,84,75,24
female,kamba,polytechnic,standard,none,88,31,12
female,luo,kcse,standard,completed,96,18,9
female,kamba,polytechnic,free/reduced,completed,91,86,97
female,luhya,polytechnic,free/reduced,completed,44,71,49
female,maasai,kcpe,standard,none,82,99,97
female,kamba,university,free/reduced,none,22,62,50
male,kamba,kcse,standard,none,98,19,88
male,kamba,polytechnic,free/reduced,none,31,69,15
female,kikuyu,kcse,free/reduced,completed,50,49,39
male,kamba,university,standard,none,18,64,70
male,maasai,polytechnic,free/reduced,none,78,1,61
male,maasai,polytechnic,free/reduced,none,7,50,17
male,maasai,kcse,free/reduced,completed,11,53,8
male,luo,kcpe,free/reduced,completed,63,60,65
female,kamba,university,standard,completed,74,58,7
male,luhya,university,free/reduced,none,57,78,20
female,luo,university,standard,completed,58,57,40
female,kikuyu,polytechnic,standard,completed,38,18,72
male,maasai,polytechnic,free/reduced,none,41,41,0
male,kikuyu,polytechnic,standard,completed,86,6,41
female,luo,kcse,standard,completed,64,43,2
female,kikuyu,university,standard,completed,34,32,32
female,luo,university,standard,none,81,75,86
female,kikuyu,university,standard,none,42,87,10
male,maasai,kcpe,free/reduced,completed,52,24,94
female,kamba,polytechnic,standard,none,70,50,8
male,maasai,university,standard,completed,3,8,21
female,maasai,university,free/reduced,completed,40,83,57
male,maasai,polytechnic,free/reduced,none,91,2,45
female,kamba,polytechnic,free/reduced,none,76,28,67
female,maasai,university,free/reduced,completed,39,38,69
male,luo,kcse,free/reduced,none,85,46,27
female,kikuyu,kcse,standard,none,25,43,90
female,kamba,kcse,standard,completed,0,97,12
male,luhya,kcse,standard,completed,34,13,64
male,luo,kcpe,standard,none,65,45,3
female,kamba,kcse,standard,completed,43,33,61
male,kikuyu,university,standard,completed,37,10,43
female,kamba,university,free/reduced,none,89,87,96
female,luo,university,free/reduced,completed,87,77,40
female,luo,kcse,free/reduced,completed,42,30,20
female,luhya,polytechnic,standard,none,68,64,14
female,maasai,university,standard,none,52,71,24
male,kikuyu,kcse,free/reduced,completed,71,67,67
female,luo,kcpe,free/reduced,none,93,0,32
male,luo,kcpe,free/reduced,none,1,95,73
female,kikuyu,university,standard,none,23,8,70
female,luo,polytechnic,free/reduced,none,87,67,67
female,luhya,kcpe,free/reduced,none,88,11,58
female,luhya,kcse,free/reduced,none,89,23,28
male,maasai,kcse,free/reduced,completed,69,20,3
female,kamba,kcpe,standard,completed,22,1,79
male,kikuyu,university,free/reduced,none,80,70,96
male,luhya,university,free/reduced,none,95,68,38
female,luhya,kcpe,free/reduced,completed,64,42,92
female,luhya,kcse,free/reduced,none,67,99,69
male,luhya,polytechnic,free/reduced,completed,97,22,1
female,maasai,kcse,standard,none,31,30,17
male,luo,polytechnic,standard,completed,70,38,62
female,luhya,polytechnic,standard,none,52,75,47
male,maasai,kcpe,free/reduced,none,64,52,8
male,kamba,university,free/reduced,none,8,98,73
male,luo,polytechnic,free/reduced,completed,24,67,52
male,kamba,kcse,free/reduced,none,70,64,13
male,luo,university,standard,completed,75,6,41
female,luo,university,standard,none,68,33,24
female,luo,kcse,free/reduced,none,62,29,63
male,maasai,kcpe,standard,none,71,85,68
male,kikuyu,university,free/reduced,none,25,14,71
male,kamba,polytechnic,standard,completed,51,52,69
female,luo,kcse,free/reduced,none,42,86,20
female,luo,polytechnic,free/reduced,none,5,91,67
male,luhya,kcse,standard,none,37,67,65
female,luhya,kcse,standard,completed,4,94,73
male,maasai,university,standard,completed,62,46,90
male,luo,kcse,standard,none,42,87,65
female,kamba,university,free/reduced,completed,12,24,40
male,kamba,kcse,standard,none,16,13,46
female,luhya,university,free/reduced,none,57,32,21
female,luhya,university,standard,none,69,32,76
female,kikuyu,kcpe,free/reduced,none,13,25,70
female,luo,university,free/reduced,completed,11,73,32
female,luo,university,standard,none,86,17,42
female,luhya,university,free/reduced,completed,39,23,84
male,luhya,kcpe,free/reduced,completed,0,35,76
female,luhya,polytechnic,standard,completed,24,35,86
female,kikuyu,polytechnic,free/reduced,none,27,34,20
male,kikuyu,kcpe,free/reduced,completed,30,84,33
male,kikuyu,university,free/reduced,completed,88,69,32
female,luo,university,free/reduced,none,92,20,9
male,kikuyu,kcse,free/reduced,completed,24,6,59
male,luo,polytechnic,standard,none,94,8,3
female,luhya,university,standard,none,52,0,63
female,luo,university,free/reduced,completed,32,61,62
male,kamba,polytechnic,standard,none,62,89,8
female,maasai,university,standard,completed,61,71,28
male,luhya,kcpe,standard,completed,99,73,13
male,kamba,university,free/reduced,completed,86,6,87
female,maasai,university,free/reduced,completed,47,93,71
male,kamba,polytechnic,standard,completed,8,69,12
male,maasai,kcpe,free/reduced,completed,3,36,2
male,maasai,kcse,standard,none,52,29,77
female,kikuyu,polytechnic,standard,none,78,19,23
female,kamba,kcse,standard,none,60,47,59
male,kamba,kcse,standard,none,59,22,73
female,luhya,kcpe,free/reduced,completed,81,67,79
male,luo,kcse,standard,none,59,7,11
male,kamba,kcpe,standard,completed,83,56,9
male,kamba,university,standard,completed,88,93,62
male,luhya,kcpe,standard,completed,88,84,65
male,luhya,polytechnic,free/reduced,none,99,72,90
female,kikuyu,kcse,free/reduced,completed,65,18,11
male,luo,kcpe,standard,completed,76,22,95
female,luo,polytechnic,free/reduced,none,84,22,48
male,kikuyu,kcpe,free/reduced,none,7,85,58
female,luhya,kcse,free/reduced,none,86,46,75
female,luhya,kcse,free/reduced,none,44,39,1
female,luhya,polytechnic,free/reduced,completed,79,56,72
female,kamba,polytechnic,free/reduced,completed,32,34,25
female,luo,polytechnic,standard,none,33,60,30
male,luo,polytechnic,free/reduced,none,77,98,33
female,maasai,polytechnic,free/reduced,completed,1,80,87
female,maasai,kcse,standard,none,3,13,20
female,kamba,university,standard,none,39,28,49
female,kamba,polytechnic,free/reduced,completed,62,59,8
male,luo,university,standard,completed,62,13,64
female,maasai,polytechnic,free/reduced,none,27,33,34
female,kikuyu,polytechnic,free/reduced,none,58,26,30
male,luhya,polytechnic,standard,completed,98,77,84
male,luo,kcse,free/reduced,none,47,57,37
female,kikuyu,university,free/reduced,completed,25,74,22
male,kamba,kcse,standard,completed,80,87,61
male,luhya,kcpe,standard,none,73,85,42
male,kamba,polytechnic,free/reduced,completed,25,91,48
male,maasai,polytechnic,standard,completed,64,55,86
female,kikuyu,university,standard,none,15,85,20
female,luhya,kcse,free/reduced,completed,80,95,43
male,luhya,kcse,free/reduced,none,7,82,7
male,kamba,kcse,free/reduced,none,23,91,65
female,luo,polytechnic,free/reduced,completed,40,90,45
male,kikuyu,university,free/reduced,none,38,23,30
female,luhya,kcpe,standard,completed,37,71,12
female,luhya,kcpe,free/reduced,none,68,13,69
female,maasai,kcse,standard,completed,98,20,56
female,kikuyu,university,free/reduced,completed,86,94,21
male,kikuyu,kcse,standard,none,60,35,69
male,luhya,kcse,standard,none,49,74,16
male,kikuyu,kcse,standard,none,30,35,43
female,kikuyu,kcpe,standard,none,97,69,23
male,luhya,kcpe,free/reduced,completed,91,37,40
female,luhya,kcse,free/reduced,completed,71,22,37
female,kamba,university,free/reduced,none,77,33,48
female,kamba,kcpe,standard,completed,89,18,39
male,kamba,kcse,standard,completed,37,0,38
female,kamba,kcpe,standard,completed,31,31,43
male,kikuyu,polytechnic,free/reduced,none,49,30,48
male,maasai,polytechnic,free/reduced,completed,47,45,0
female,luhya,kcpe,standard,completed,53,2,9
male,luhya,kcse,standard,completed,8,21,15
female,luo,kcpe,standard,none,18,18,52
female,maasai,university,free/reduced,none,84,80,53
male,maasai,kcse,free/reduced,none,25,99,4
male,luhya,kcse,standard,none,39,12,28
female,maasai,kcse,standard,completed,93,72,35
male,luo,kcse,free/reduced,none,2,90,20
female,kikuyu,university,free/reduced,completed,50,60,6
male,kamba,kcpe,standard,completed,81,99,41
female,luo,kcpe,free/reduced,none,97,9,31
male,kamba,polytechnic,standard,completed,3,31,89
female,luhya,kcse,standard,none,26,49,80
male,kikuyu,polytechnic,free/reduced,none,53,63,68
female,luo,university,standard,none,88,47,13
male,maasai,kcpe,free/reduced,completed,63,0,33
male,kikuyu,kcpe,free/reduced,completed,94,45,17
male,luo,kcse,free/reduced,completed,57,54,65
female,kikuyu,kcpe,free/reduced,completed,65,84,89
male,luhya,university,free/reduced,none,82,92,47
female,maasai,university,standard,completed,71,38,86
male,kamba,kcse,standard,completed,43,36,42
female,kamba,polytechnic,standard,none,69,30,22
male,kamba,kcse,standard,none,58,33,81
male,luo,university,free/reduced,completed,40,99,67
male,kikuyu,kcpe,free/reduced,none,19,26,19
male,maasai,kcpe,standard,none,34,46,46
male,maasai,kcpe,free/reduced,completed,85,18,29
female,luo,university,standard,none,88,88,68
male,maasai,polytechnic,free/reduced,none,94,88,84
male,maasai,kcse,standard,completed,65,78,30
female,kikuyu,polytechnic,free/reduced,none,0,92,44
male,kikuyu,kcpe,standard,completed,88,41,79
male,kikuyu,kcse,standard,completed,47,19,33
male,luo,university,standard,completed,4,2,4
female,luo,university,standard,completed,64,42,83
male,luo,polytechnic,free/reduced,completed,36,49,37
male,maasai,kcse,standard,completed,60,29,52
female,kamba,kcpe,free/reduced,completed,50,65,64
male,maasai,polytechnic,free/reduced,none,55,21,17
female,kikuyu,university,standard,completed,84,81,17
male,kamba,kcse,standard,completed,68,89,39
male,luhya,kcse,free/reduced,none,5,78,18
female,kamba,university,standard,none,61,86,5
female,kikuyu,kcpe,free/reduced,completed,78,79,98
male,kikuyu,kcpe,standard,completed,22,82,3
male,kikuyu,university,standard,none,79,11,58
male,kikuyu,university,free/reduced,completed,83,54,0
female,luhya,kcpe,free/reduced,completed,76,24,35
female,kamba,polytechnic,free/reduced,completed,61,69,25
male,luhya,polytechnic,standard,completed,39,6,84
male,maasai,kcse,free/reduced,none,32,61,93
male,kamba,kcse,standard,completed,57,41,65
male,maasai,polytechnic,free/reduced,completed,30,60,14
male,maasai,kcse,standard,none,84,47,44
female,maasai,polytechnic,free/reduced,none,20,12,4
male,kikuyu,kcse,standard,none,58,12,70
female,kamba,polytechnic,free/reduced,none,69,45,17
male,luo,kcse,standard,none,74,37,93
male,kamba,kcse,free/reduced,none,88,82,61
male,kikuyu,polytechnic,free/reduced,none,75,73,56
female,kamba,kcpe,free/reduced,completed,21,72,1
female,kikuyu,polytechnic,standard,none,70,53,16
female,kamba,polytechnic,standard,none,65,40,66
male,kamba,university,free/reduced,none,52,8,78
male,maasai,kcpe,standard,completed,13,0,49
female,luhya,kcse,standard,none,79,32,24
female,kamba,kcpe,standard,completed,43,12,69
female,luo,kcpe,free/reduced,none,85,20,21
female,luhya,kcpe,free/reduced,none,67,15,8
male,luo,university,free/reduced,completed,93,23,72
male,kamba,university,free/reduced,completed,9,62,33
male,kikuyu,kcse,standard,none,54,54,69
female,kamba,polytechnic,standard,none,88,81,96
female,maasai,kcpe,free/reduced,none,55,87,0
male,kikuyu,kcse,free/reduced,none,55,9,43
female,luo,kcse,free/reduced,completed,56,98,6
male,kamba,university,free/reduced,completed,49,96,14
male,kamba,polytechnic,free/reduced,none,20,70,37
female,kikuyu,polytechnic,free/reduced,none,37,91,92
male,kamba,university,free/reduced,none,53,35,80
female,luhya,kcpe,free/reduced,none,61,83,53
female,luo,university,free/reduced,completed,83,38,29
female,kamba,kcse,standard,completed,40,65,82
female,kamba,university,free/reduced,none,67,33,93
male,kikuyu,polytechnic,free/reduced,none,37,97,3
male,maasai,kcpe,standard,none,3,33,74
male,luo,kcse,standard,none,84,3,41
female,luhya,kcse,free/reduced,completed,38,86,39
female,luhya,polytechnic,standard,completed,94,50,96
female,kikuyu,university,standard,none,33,33,32
male,luhya,kcse,free/reduced,none,89,3,28
female,maasai,university,standard,completed,41,77,14
female,kamba,kcse,standard,none,22,34,95
female,luo,polytechnic,free/reduced,none,66,79,98
female,kamba,kcse,free/reduced,completed,57,43,62
male,kikuyu,kcse,free/reduced,none,27,97,61
male,kamba,kcpe,standard,none,58,30,99
female,maasai,kcse,standard,completed,28,41,67
female,luhya,polytechnic,standard,completed,60,28,13
male,luo,kcse,standard,none,99,9,18
male,maasai,polytechnic,free/reduced,none,47,11,81
male,kikuyu,university,free/reduced,none,33,25,61
female,luo,polytechnic,standard,none,25,57,34
female,kamba,university,standard,none,74,73,98
male,kikuyu,kcse,free/reduced,none,72,62,83
female,kamba,polytechnic,standard,completed,81,96,68
female,maasai,kcpe,standard,none,89,21,75
female,maasai,polytechnic,standard,none,7,75,21
female,kikuyu,university,standard,completed,51,35,3
female,luhya,university,free/reduced,none,29,56,34
male,kikuyu,kcpe,standard,none,39,44,83
male,luhya,polytechnic,standard,completed,41,66,90
male,kikuyu,kcse,free/reduced,none,20,96,72
female,kikuyu,polytechnic,free/reduced,none,33,92,78
male,luo,polytechnic,standard,none,10,74,35
female,luhya,polytechnic,standard,completed,76,99,76
male,luhya,kcpe,free/reduced,completed,47,29,81
female,maasai,kcpe,standard,none,2,61,87
female,kamba,kcpe,free/reduced,completed,96,41,81
male,maasai,kcpe,standard,none,88,87,96
male,luhya,kcpe,standard,completed,53,37,49
male,luo,kcse,free/reduced,none,69,63,11
female,luhya,polytechnic,standard,none,19,29,66
male,kamba,polytechnic,free/reduced,completed,0,97,22
male,kamba,kcse,standard,completed,17,35,68
female,kikuyu,kcse,standard,completed,87,80,41
female,luo,kcse,free/reduced,completed,84,84,42
female,maasai,kcse,free/reduced,completed,58,33,15
female,luo,kcpe,standard,none,36,3,59
male,kikuyu,polytechnic,free/reduced,completed,12,95,60
female,luhya,kcse,standard,completed,44,72,81
male,kamba,university,standard,completed,79,88,77
male,luhya,kcse,standard,completed,37,62,95
male,luhya,polytechnic,free/reduced,none,24,25,99
male,kikuyu,university,standard,none,45,89,3
female,maasai,kcse,free/reduced,completed,52,37,45
female,luhya,kcpe,standard,completed,84,74,25
female,kamba,kcpe,free/reduced,none,60,96,51
male,kamba,university,free/reduced,none,7,67,28
female,maasai,kcpe,free/reduced,none,23,63,82
male,maasai,university,standard,none,20,85,95
male,kikuyu,kcse,free/reduced,none,69,77,23
female,luo,polytechnic,free/reduced,none,7,96,10
female,kamba,university,standard,completed,36,5,13
female,luhya,kcse,free/reduced,completed,9,21,77
female,kikuyu,university,free/reduced,completed,69,40,13
female,maasai,polytechnic,standard,none,25,13,83
female,luhya,kcpe,free/reduced,completed,33,27,65
male,luo,kcpe,free/reduced,completed,84,34,3
male,maasai,university,standard,completed,64,0,12
female,luo,polytechnic,standard,none,33,55,8
female,luo,kcse,free/reduced,none,83,44,10
female,kamba,kcse,standard,none,73,48,6
female,kamba,kcse,standard,completed,2,51,52
female,luo,university,standard,none,16,59,31
female,kamba,kcpe,standard,completed,87,17,43
female,maasai,university,standard,completed,61,96,95
female,luo,university,standard,completed,58,96,21
female,luo,university,free/reduced,none,25,11,13
female,kikuyu,kcse,standard,none,42,42,71
male,kikuyu,polytechnic,standard,completed,80,70,45
male,kikuyu,university,free/reduced,completed,17,82,28
male,kikuyu,kcse,standard,completed,40,33,82
male,luhya,university,free/reduced,completed,60,51,29
female,kikuyu,university,free/reduced,none,81,52,61
female,maasai,kcse,free/reduced,none,41,69,26
female,luhya,polytechnic,free/reduced,completed,38,81,50
male,maasai,polytechnic,free/reduced,none,76,54,15
female,kikuyu,kcpe,standard,completed,70,10,46
female,luo,university,free/reduced,none,24,76,65
female,luhya,kcpe,free/reduced,completed,33,41,51
female,luo,kcse,standard,completed,78,81,25
female,maasai,university,standard,completed,69,31,18
female,maasai,kcse,free/reduced,completed,9,3,39
female,luhya,kcpe,standard,none,37,98,48
male,maasai,kcse,standard,none,11,42,45
male,luhya,kcse,free/reduced,completed,25,94,22
male,maasai,polytechnic,free/reduced,none,16,6,27
male,luo,university,standard,completed,83,64,75
female,kamba,university,standard,none,61,4,44
female,kikuyu,university,standard,completed,23,4,38
male,kikuyu,kcse,free/reduced,none,50,63,0
female,kamba,polytechnic,free/reduced,completed,9,64,9
male,kamba,kcpe,standard,completed,42,99,22
male,luhya,university,standard,completed,41,86,69
female,maasai,kcse,standard,completed,26,94,23
male,luo,polytechnic,free/reduced,completed,42,29,70
female,kikuyu,polytechnic,free/reduced,none,62,22,86
male,kamba,university,free/reduced,none,11,87,87
female,kamba,polytechnic,free/reduced,completed,71,49,65
male,kamba,polytechnic,standard,completed,91,26,55
male,maasai,kcse,standard,none,32,56,55
male,luo,kcpe,free/reduced,completed,30,11,26
male,kamba,polytechnic,free/reduced,completed,86,2,31
female,luo,kcpe,standard,completed,29,85,19
female,kikuyu,polytechnic,standard,completed,32,12,61
female,luhya,polytechnic,standard,completed,66,80,25
male,luhya,polytechnic,free/reduced,none,22,2,71
female,kikuyu,university,standard,completed,47,91,11
male,luhya,university,standard,none,40,76,57
female,kamba,university,standard,completed,24,35,55
male,maasai,kcpe,standard,none,14,0,17
male,luhya,kcpe,standard,completed,2,61,54
male,kikuyu,university,free/reduced,none,67,77,0
male,maasai,kcpe,free/reduced,none,33,18,11
female,kikuyu,kcse,free/reduced,none,42,35,36
female,kamba,kcpe,free/reduced,completed,36,10,99
female,kikuyu,kcse,free/reduced,none,0,19,77
male,kamba,university,standard,none,24,27,8
female,luhya,kcse,standard,none,50,9,63
male,maasai,university,standard,none,38,38,10
male,luo,university,standard,none,55,12,89
female,maasai,university,free/reduced,none,12,69,9
female,luo,kcpe,free/reduced,completed,15,86,84
female,luhya,polytechnic,free/reduced,none,26,62,4
male,kikuyu,polytechnic,free/reduced,none,23,12,59
female,kamba,kcse,free/reduced,completed,56,66,39
female,kamba,polytechnic,standard,none,93,59,80
male,kamba,university,standard,completed,16,0,82
female,luhya,polytechnic,standard,none,82,24,78
male,luhya,kcse,free/reduced,completed,45,93,87
female,luo,university,standard,none,33,92,52
female,maasai,kcpe,standard,none,3,96,99
male,maasai,university,free/reduced,completed,58,4,48
male,kikuyu,university,free/reduced,none,71,72,30
female,luo,kcse,standard,none,57,18,3
female,luhya,kcpe,free/reduced,completed,20,45,10
male,luhya,university,standard,none,88,92,32
female,kamba,kcpe,free/reduced,none,66,71,21
female,luo,university,free/reduced,none,60,72,41
female,luo,university,free/reduced,none,10,16,97
female,luhya,kcse,standard,none,51,86,18
female,luo,university,free/reduced,completed,98,79,97
female,kamba,university,standard,completed,88,20,51
male,kamba,university,standard,completed,0,48,76
male,luhya,polytechnic,free/reduced,completed,70,85,63
female,luhya,kcpe,standard,completed,13,87,52
male,luo,kcse,standard,completed,25,97,66
female,luo,kcse,free/reduced,completed,91,66,89
male,maasai,kcse,free/reduced,none,47,48,94
male,luo,university,free/reduced,completed,69,90,51
female,luo,kcpe,free/reduced,completed,23,11,92
female,kikuyu,polytechnic,free/reduced,none,51,24,41
female,luhya,polytechnic,standard,completed,54,15,17
female,luo,kcse,free/reduced,completed,24,25,14
female,kikuyu,kcpe,standard,none,77,5,59
male,luo,polytechnic,standard,none,21,22,60
female,luhya,kcse,standard,completed,13,54,13
female,maasai,polytechnic,standard,completed,66,51,97
female,kamba,polytechnic,standard,none,41,34,22
male,luhya,kcpe,free/reduced,none,1,29,61
male,luhya,kcse,standard,none,58,12,88
female,kikuyu,polytechnic,standard,none,52,44,30
female,kikuyu,university,free/reduced,none,0,58,10
male,kikuyu,university,standard,none,57,20,3
female,maasai,polytechnic,free/reduced,none,14,63,31
female,kikuyu,kcpe,free/reduced,none,7,46,32
female,luhya,kcpe,free/reduced,none,48,97,13
male,kikuyu,polytechnic,free/reduced,completed,73,75,49
male,luo,kcpe,standard,completed,49,46,39
male,luo,kcpe,standard,none,4,94,0
female,kamba,university,standard,completed,16,11,24
male,luo,kcse,free/reduced,none,16,70,84
male,kamba,kcse,standard,none,63,95,43
male,luo,polytechnic,free/reduced,none,16,34,90
male,maasai,polytechnic,standard,completed,67,41,91
male,kamba,polytechnic,standard,none,54,21,87
male,luo,university,standard,none,2,74,90
female,kamba,university,free/reduced,completed,32,91,73
female,kamba,kcpe,standard,completed,57,81,97
female,luo,university,standard,completed,70,57,90
male,luhya,kcse,standard,completed,85,6,41
male,kikuyu,university,free/reduced,none,28,11,31
female,kamba,polytechnic,standard,completed,22,61,40
female,kamba,kcse,standard,none,27,93,95
female,kamba,kcpe,free/reduced,none,49,77,8
male,kikuyu,kcse,standard,completed,4,19,49
female,kamba,university,free/reduced,completed,4,7,36
male,kamba,university,free/reduced,none,95,57,81
female,luo,kcpe,free/reduced,completed,66,16,94
male,luhya,polytechnic,standard,completed,89,70,1
female,maasai,kcpe,free/reduced,none,94,40,58
female,maasai,kcpe,free/reduced,completed,75,79,29
female,kikuyu,kcpe,free/reduced,completed,74,62,80
male,maasai,kcpe,free/reduced,none,66,66,84
female,luhya,university,free/reduced,none,75,10,8
male,maasai,polytechnic,standard,completed,76,41,36
male,luhya,kcse,free/reduced,completed,84,42,93
female,luhya,polytechnic,standard,none,9,40,59
male,luo,polytechnic,free/reduced,completed,35,29,15
female,maasai,kcpe,free/reduced,none,51,74,13
male,kamba,polytechnic,free/reduced,completed,6,74,25
male,kikuyu,kcpe,free/reduced,completed,31,31,80
female,kamba,kcse,free/reduced,none,27,81,50
male,maasai,kcpe,free/reduced,none,10,99,11
male,maasai,kcse,free/reduced,completed,48,36,46
male,kamba,polytechnic,standard,completed,72,61,2
male,luo,kcpe,standard,completed,89,81,33
male,maasai,university,standard,completed,79,85,92
male,luo,kcse,free/reduced,none,26,27,90
male,kikuyu,polytechnic,free/reduced,none,69,25,41
male,maasai,kcse,free/reduced,completed,82,47,1
male,kamba,kcpe,free/reduced,completed,64,54,26
female,luo,university,free/reduced,none,36,72,72
male,kikuyu,kcse,free/reduced,none,32,97,83
female,luhya,kcse,standard,completed,37,73,27
female,kikuyu,kcse,free/reduced,completed,82,11,99
male,luo,polytechnic,standard,none,77,48,22
female,maasai,university,standard,none,83,92,89
female,maasai,university,standard,none,66,16,88
female,luhya,university,free/reduced,none,40,66,84
male,luo,kcse,free/reduced,none,0,72,36
male,maasai,kcse,free/reduced,completed,38,33,24
female,maasai,kcse,standard,completed,64,48,30
female,luo,kcse,standard,completed,9,14,12
female,kikuyu,kcpe,free/reduced,completed,62,40,52
female,kamba,kcpe,free/reduced,completed,49,65,56
male,kikuyu,polytechnic,standard,none,3,46,92
female,luo,kcse,standard,none,5,95,68
male,kikuyu,polytechnic,standard,none,81,22,65
female,maasai,university,standard,none,18,64,69
male,luo,kcse,standard,completed,45,76,44
male,maasai,kcpe,standard,completed,75,40,85
male,maasai,kcse,free/reduced,none,64,64,24
male,maasai,university,standard,none,38,92,8
female,kikuyu,polytechnic,standard,completed,41,31,30
female,kamba,kcse,free/reduced,completed,17,60,32
female,luhya,kcpe,standard,none,44,28,85
female,kamba,university,free/reduced,completed,18,57,67
female,luhya,university,standard,completed,63,83,57
male,luo,polytechnic,free/reduced,completed,6,96,84
female,kamba,kcse,standard,completed,79,43,81
male,luhya,kcpe,standard,completed,54,68,17
female,maasai,kcse,standard,none,60,81,75
male,luo,kcpe,standard,none,39,93,18
female,kamba,polytechnic,free/reduced,completed,0,26,35
male,kikuyu,university,free/reduced,completed,37,89,58
female,luo,polytechnic,free/reduced,none,36,82,85
female,maasai,university,free/reduced,completed,7,51,43
male,maasai,kcse,free/reduced,none,45,84,63
male,maasai,university,free/reduced,none,11,47,98
male,luhya,kcpe,standard,none,4,57,97
female,kamba,polytechnic,standard,none,70,41,73
female,luo,university,standard,completed,38,71,27
female,kamba,university,standard,none,40,98,87
male,kamba,kcse,standard,none,62,28,63
male,luhya,kcse,free/reduced,completed,70,32,51
female,luhya,kcse,standard,none,80,12,59
male,maasai,kcpe,standard,none,34,88,36
male,kamba,kcse,standard,completed,80,71,48
female,luhya,university,free/reduced,none,96,73,97
male,maasai,kcpe,free/reduced,completed,28,60,11
male,luo,kcse,free/reduced,completed,32,39,72
male,luhya,university,free/reduced,completed,49,45,93
female,luhya,kcpe,standard,completed,8,33,33
male,luo,university,free/reduced,none,21,94,47
female,luo,kcse,standard,none,50,99,14
male,luhya,kcse,free/reduced,none,24,60,94
female,luo,kcpe,free/reduced,none,16,34,31
male,luo,polytechnic,standard,none,85,66,87
female,maasai,university,free/reduced,completed,10,29,63
female,luhya,university,standard,completed,32,39,43
male,luo,polytechnic,standard,completed,8,63,21
male,maasai,polytechnic,free/reduced,completed,59,22,2
female,luhya,university,standard,none,70,99,26
male,luhya,kcpe,standard,completed,90,53,9
female,luhya,polytechnic,standard,completed,91,64,1
male,luo,kcse,free/reduced,none,45,26,56
female,luo,kcpe,free/reduced,none,89,68,67
male,kamba,polytechnic,free/reduced,none,20,43,81
male,maasai,kcse,free/reduced,none,84,47,1
male,kamba,kcse,free/reduced,completed,77,9,30
male,maasai,university,standard,none,34,70,34
female,kikuyu,kcpe,standard,completed,4,29,97
female,kamba,polytechnic,standard,none,48,5,47
male,luhya,kcse,standard,completed,78,1,48
female,kikuyu,university,standard,completed,24,86,10
male,kikuyu,polytechnic,standard,none,65,26,6
female,kikuyu,kcse,free/reduced,none,43,93,5
female,maasai,university,free/reduced,completed,77,5,42
male,luo,kcse,standard,completed,97,16,70
female,luo,university,free/reduced,none,76,26,38
male,kikuyu,university,free/reduced,completed,16,44,5
male,luo,kcpe,standard,completed,57,26,60
male,luhya,polytechnic,free/reduced,completed,5,78,30
male,luo,university,free/reduced,completed,97,88,59
male,maasai,kcse,free/reduced,none,95,8,8
female,kikuyu,polytechnic,free/reduced,none,8,19,63
female,kamba,polytechnic,standard,completed,33,93,81
male,luhya,polytechnic,standard,completed,54,59,86
male,kamba,kcpe,standard,none,64,75,3
male,kikuyu,university,free/reduced,none,32,46,15
male,kikuyu,university,free/reduced,completed,95,21,94
female,kamba,university,standard,completed,2,66,6
female,kikuyu,university,standard,completed,27,61,93
male,kikuyu,kcse,standard,none,80,57,22
male,kikuyu,university,standard,none,87,26,10
female,luo,polytechnic,free/reduced,completed,66,53,28
male,luo,university,standard,none,71,68,7
female,maasai,university,free/reduced,completed,45,22,91
female,kamba,university,standard,none,20,82,83
female,luhya,university,standard,completed,64,38,2
female,kamba,kcpe,free/reduced,completed,7,65,71
female,kamba,polytechnic,free/reduced,completed,89,4,76
female,maasai,kcpe,standard,none,24,19,51
female,luo,polytechnic,standard,completed,65,91,19
female,luhya,university,free/reduced,completed,99,7,94
female,luhya,university,free/reduced,completed,62,93,30
female,maasai,polytechnic,standard,none,94,98,27
female,kikuyu,polytechnic,free/reduced,none,34,88,15
male,kamba,kcpe,standard,completed,92,57,47
male,kamba,kcpe,free/reduced,none,98,76,23
female,luhya,kcse,standard,none,21,69,58
female,kamba,kcse,standard,completed,87,44,94
female,luhya,kcpe,free/reduced,completed,17,13,83
female,luo,kcse,standard,completed,69,38,8
male,luo,kcpe,free/reduced,none,3,79,13
male,luhya,kcpe,standard,completed,89,0,38
female,maasai,kcpe,standard,none,21,51,38
male,kamba,kcse,standard,completed,59,68,2
male,luhya,polytechnic,standard,completed,6,45,42
female,maasai,university,standard,none,61,22,51
male,luo,kcse,standard,none,83,30,68
female,kamba,university,standard,completed,22,32,38
male,kamba,university,standard,completed,23,95,69
female,luo,polytechnic,standard,completed,85,45,59
male,kikuyu,kcse,standard,completed,76,3,63
male,luhya,university,free/reduced,none,22,60,53
female,maasai,polytechnic,free/reduced,completed,60,35,62
male,maasai,polytechnic,standard,completed,10,19,33
male,kikuyu,kcpe,standard,none,78,98,88
male,maasai,kcse,free/reduced,none,57,17,92
male,maasai,university,standard,completed,41,3,85
male,kamba,polytechnic,standard,none,69,60,44
female,luhya,university,standard,none,39,72,14
male,kamba,kcse,standard,none,74,65,68
female,luo,kcpe,standard,completed,61,15,81
male,kamba,university,standard,completed,90,8,79
male,kikuyu,kcpe,free/reduced,completed,26,52,25
female,luhya,polytechnic,free/reduced,none,83,22,63
female,kikuyu,kcpe,free/reduced,completed,46,10,36
female,luhya,university,standard,none,16,44,12
female,luhya,kcse,standard,completed,1,12,38
male,luhya,university,standard,completed,83,3,59
male,maasai,university,standard,completed,78,22,93
female,kamba,kcpe,standard,none,9,12,30
male,maasai,kcpe,standard,none,63,25,98
female,maasai,university,free/reduced,completed,63,53,83
female,kamba,kcpe,free/reduced,completed,60,90,83
female,kikuyu,kcpe,free/reduced,completed,35,40,31
female,luhya,kcse,standard,none,99,41,75
male,kikuyu,kcse,free/reduced,none,8,0,7
male,kikuyu,polytechnic,free/reduced,completed,90,55,69
female,luo,university,free/reduced,completed,56,59,77
male,maasai,kcpe,free/reduced,completed,45,52,62
male,luhya,university,free/reduced,completed,77,27,98
female,kamba,polytechnic,free/reduced,completed,61,40,46
female,kikuyu,polytechnic,standard,none,89,85,32
female,luo,kcse,standard,completed,44,21,32
male,luo,kcpe,standard,none,52,70,28
male,kikuyu,kcpe,free/reduced,none,14,76,12
male,kikuyu,university,standard,completed,13,7,93
female,luo,kcse,free/reduced,completed,58,3,74
female,maasai,kcse,free/reduced,completed,6,74,55
male,luo,kcse,standard,completed,72,27,73
female,luo,kcpe,standard,completed,51,57,49
male,luo,polytechnic,free/reduced,none,14,88,19
male,maasai,polytechnic,free/reduced,none,28,49,86
male,maasai,kcpe,free/reduced,completed,29,46,23
female,maasai,polytechnic,standard,none,95,73,30
female,kamba,university,free/reduced,none,94,36,60
male,kamba,kcpe,free/reduced,completed,8,8,52
female,kamba,kcpe,free/reduced,none,66,9,13
male,kamba,kcse,free/reduced,none,56,99,31
female,luhya,kcpe,free/reduced,none,79,1,58
male,luhya,university,free/reduced,none,56,38,16
male,luhya,kcse,standard,completed,56,20,18
female,kikuyu,kcse,free/reduced,completed,92,45,1
male,luhya,polytechnic,free/reduced,completed,98,89,15
male,kikuyu,kcse,standard,completed,37,44,32
male,luo,university,standard,completed,42,89,78
male,luhya,university,standard,none,88,69,73
male,maasai,polytechnic,free/reduced,completed,5,64,6
female,kamba,kcpe,standard,none,14,58,67
female,kikuyu,university,standard,none,56,70,70
female,luo,university,standard,completed,98,70,79
female,luhya,polytechnic,free/reduced,completed,11,17,93
female,kamba,polytechnic,free/reduced,completed,16,11,85
female,maasai,polytechnic,free/reduced,completed,31,17,51
female,luo,kcpe,free/reduced,completed,76,37,74
female,maasai,kcpe,standard,none,58,94,58
male,luhya,kcse,standard,none,59,57,77
male,kikuyu,university,standard,none,64,73,91
male,luo,kcpe,free/reduced,completed,61,12,26
male,luhya,kcse,standard,none,98,17,26
female,luhya,kcpe,free/reduced,completed,64,36,68
female,kikuyu,polytechnic,standard,none,57,32,59
female,kikuyu,kcse,free/reduced,completed,16,3,29
female,luhya,kcpe,free/reduced,none,4,76,48
male,kikuyu,kcpe,free/reduced,completed,3,37,92
female,luo,university,standard,completed,5,71,61
male,kikuyu,kcpe,standard,none,94,61,60
male,luo,university,free/reduced,none,50,5,15
female,luhya,polytechnic,free/reduced,completed,42,17,91
female,kamba,kcse,standard,none,84,18,40
female,luhya,kcse,standard,none,48,18,32
male,luhya,kcse,free/reduced,none,45,81,45
female,luhya,kcpe,free/reduced,none,15,33,14
female,luo,kcse,free/reduced,completed,92,10,68
female,kamba,university,free/reduced,none,91,49,89
male,kikuyu,kcse,standard,completed,55,9,96
female,maasai,kcpe,free/reduced,none,59,26,12
female,luo,kcpe,free/reduced,completed,55,4,44
female,luhya,university,free/reduced,none,33,89,59
female,luhya,university,standard,none,11,71,42
female,maasai,kcpe,standard,completed,91,97,63
male,kikuyu,kcpe,free/reduced,none,34,17,52
male,kamba,polytechnic,free/reduced,none,88,17,13
female,luhya,polytechnic,free/reduced,completed,13,72,52
male,maasai,kcse,standard,completed,7,58,50
male,luhya,polytechnic,standard,completed,24,87,50
male,maasai,kcpe,free/reduced,completed,65,55,69
female,kikuyu,polytechnic,standard,completed,99,34,87
male,maasai,kcpe,free/reduced,completed,82,91,94
female,luhya,polytechnic,standard,none,40,68,92
male,luo,university,free/reduced,none,55,2,54
female,kikuyu,kcpe,free/reduced,none,65,25,85
male,maasai,kcse,free/reduced,none,27,70,83
female,luo,kcse,standard,none,15,10,88
female,kamba,polytechnic,free/reduced,none,15,19,47
male,kamba,university,free/reduced,none,41,45,87
female,maasai,kcpe,free/reduced,completed,77,79,45
male,kikuyu,kcse,standard,none,6,84,62
male,luhya,kcpe,free/reduced,completed,96,53,10
male,kamba,polytechnic,standard,none,92,79,94
female,luo,kcpe,free/reduced,completed,56,54,96
male,luo,kcpe,free/reduced,none,52,35,85
female,luo,polytechnic,standard,none,6,47,54
male,kamba,kcse,standard,none,78,71,94
female,maasai,university,free/reduced,completed,31,60,6
female,kamba,university,free/reduced,none,6,36,25
male,kikuyu,university,free/reduced,none,33,28,5
female,kikuyu,polytechnic,standard,completed,58,44,55
female,maasai,kcpe,standard,none,46,46,95
male,luo,polytechnic,standard,none,26,9,47
female,kamba,polytechnic,free/reduced,none,51,87,27
female,maasai,kcpe,standard,none,32,35,89
female,luhya,university,standard,none,60,92,33
female,kikuyu,polytechnic,free/reduced,completed,46,18,91
female,luhya,university,free/reduced,none,95,78,16
male,luhya,kcse,standard,none,7,20,16
male,kamba,kcse,free/reduced,none,49,36,79
female,maasai,university,standard,none,39,72,94
female,luhya,polytechnic,free/reduced,completed,65,13,34
female,luhya,kcpe,standard,completed,5,21,59
female,luo,university,standard,completed,27,59,69
male,luo,university,standard,none,38,61,72
female,luhya,polytechnic,standard,completed,45,96,16
male,kamba,university,free/reduced,completed,23,32,51
male,luhya,university,free/reduced,none,12,30,92
female,kikuyu,polytechnic,free/reduced,none,9,73,5
male,maasai,university,free/reduced,completed,29,91,0
female,kamba,university,free/reduced,none,29,61,83
male,luo,university,standard,completed,13,28,23
female,maasai,kcse,standard,completed,87,56,30
female,kikuyu,kcse,free/reduced,completed,24,23,38
male,kamba,kcpe,standard,completed,9,92,40
female,kamba,kcpe,free/reduced,none,68,56,98
female,kamba,kcpe,free/reduced,none,37,66,81
male,luo,polytechnic,free/reduced,none,56,20,15
female,maasai,polytechnic,standard,none,75,86,74
male,kikuyu,polytechnic,free/reduced,completed,86,96,18
male,luhya,university,free/reduced,completed,60,7,27
male,luhya,polytechnic,free/reduced,completed,24,56,51
male,luhya,kcpe,free/reduced,completed,52,21,42
female,maasai,kcpe,free/reduced,completed,53,84,78
male,kamba,kcpe,free/reduced,completed,98,19,47
male,kikuyu,polytechnic,standard,none,46,89,81
female,luo,polytechnic,free/reduced,completed,33,47,41
male,kamba,kcpe,free/reduced,completed,13,37,3
male,luo,kcse,standard,none,97,88,25
male,kamba,kcpe,free/reduced,none,71,83,88
female,luhya,polytechnic,free/reduced,completed,12,55,95
male,kamba,polytechnic,standard,none,73,42,87
female,luhya,kcpe,free/reduced,completed,46,13,79
male,luhya,university,free/reduced,none,29,44,21
male,kikuyu,kcse,free/reduced,none,12,91,60
male,kikuyu,kcse,free/reduced,none,55,86,29
male,luo,polytechnic,free/reduced,none,48,91,22
female,luo,polytechnic,standard,none,35,3,24
female,maasai,polytechnic,standard,none,34,57,67
female,maasai,kcpe,standard,none,58,33,9
male,luo,polytechnic,free/reduced,none,60,29,38
male,kikuyu,polytechnic,free/reduced,none,1,85,64
female,luhya,polytechnic,free/reduced,completed,17,66,79
female,maasai,kcse,standard,completed,43,38,14
male,kikuyu,kcse,free/reduced,completed,55,24,69
female,luhya,university,standard,none,9,81,81
female,maasai,university,free/reduced,completed,55,77,58
male,kikuyu,polytechnic,free/reduced,none,16,73,67
female,luo,kcse,free/reduced,none,67,25,83
female,kikuyu,kcse,free/reduced,none,41,37,82
male,maasai,kcse,standard,none,86,14,49
female,luhya,kcse,free/reduced,completed,47,29,1
male,maasai,university,free/reduced,none,84,7,7
female,kamba,kcpe,free/reduced,none,88,58,8
female,luo,kcse,free/reduced,completed,97,27,31
male,kamba,kcse,free/reduced,none,58,28,14
male,maasai,kcse,free/reduced,completed,84,86,78
male,maasai,kcse,free/reduced,none,85,68,20
male,kikuyu,kcpe,standard,none,36,67,18
female,kikuyu,kcpe,standard,none,12,24,35
female,kamba,polytechnic,standard,none,26,26,44
male,kikuyu,university,standard,none,2,9,31
male,kikuyu,kcse,standard,completed,22,59,65
female,kamba,kcse,free/reduced,none,46,55,90
female,kikuyu,polytechnic,standard,completed,83,71,24
male,kamba,kcpe,free/reduced,completed,18,84,38
male,luhya,polytechnic,free/reduced,completed,34,11,41
male,kamba,kcpe,standard,completed,95,70,95
female,kikuyu,university,standard,completed,67,92,56
male,luo,polytechnic,standard,completed,0,2,75
female,luo,polytechnic,free/reduced,none,27,39,59
male,kamba,kcse,free/reduced,completed,48,57,35
male,luo,polytechnic,standard,none,86,27,75
female,luo,kcpe,free/reduced,none,3,31,47
male,kikuyu,kcpe,free/reduced,none,96,35,49
male,luhya,polytechnic,free/reduced,completed,11,12,29
male,luhya,kcpe,free/reduced,none,88,64,50
female,kikuyu,polytechnic,standard,none,28,23,10
female,luhya,university,standard,completed,40,5,42
male,kamba,kcse,standard,completed,73,55,26
male,luhya,university,free/reduced,completed,2,64,75
male,luo,university,free/reduced,none,78,35,57
female,kikuyu,kcse,free/reduced,completed,59,10,71
male,maasai,kcse,free/reduced,completed,10,29,96
male,luo,kcse,free/reduced,completed,4,63,91
female,luo,polytechnic,standard,none,73,81,7
male,kamba,kcpe,standard,none,90,48,55
female,maasai,polytechnic,standard,completed,8,82,84
male,kamba,kcpe,free/reduced,completed,37,59,17
male,kikuyu,polytechnic,free/reduced,none,98,47,74
female,maasai,kcpe,standard,none,91,61,92
female,kikuyu,kcpe,free/reduced,completed,58,10,70
male,luhya,university,free/reduced,none,58,19,56
male,luo,polytechnic,free/reduced,none,49,77,28
female,luhya,kcse,free/reduced,completed,19,57,16
female,kikuyu,polytechnic,free/reduced,completed,35,67,61
female,kamba,kcse,free/reduced,none,36,36,68
male,luo,polytechnic,standard,none,74,3,69
male,luo,university,standard,completed,49,35,88
male,maasai,kcpe,free/reduced,completed,18,71,44
male,luhya,kcse,standard,none,4,74,54
male,kikuyu,kcpe,free/reduced,completed,88,84,32
female,kikuyu,kcpe,free/reduced,completed,79,92,76
male,kikuyu,kcpe,free/reduced,none,49,72,55
male,kikuyu,university,free/reduced,completed,94,8,65
male,kamba,polytechnic,free/reduced,completed,13,81,12
male,kikuyu,kcpe,free/reduced,completed,51,81,25
male,kamba,university,free/reduced,none,16,69,64
female,kamba,university,free/reduced,completed,55,95,69
female,maasai,university,standard,completed,75,93,76
female,maasai,polytechnic,standard,completed,61,59,30
female,luhya,kcse,standard,completed,98,80,40
female,kikuyu,kcpe,standard,completed,17,57,17
male,kamba,university,free/reduced,completed,70,86,28
male,maasai,kcse,standard,completed,24,99,28
female,kikuyu,kcse,standard,completed,93,50,11
female,maasai,university,standard,none,93,99,93
female,maasai,polytechnic,standard,completed,66,80,65
female,luhya,kcse,free/reduced,completed,75,27,0
female,kamba,polytechnic,free/reduced,completed,46,96,50
female,kamba,polytechnic,standard,completed,40,47,27
female,maasai,kcse,free/reduced,completed,81,66,56
female,kikuyu,kcse,free/reduced,completed,39,11,79
male,kamba,kcse,standard,none,9,82,52
male,luhya,polytechnic,free/reduced,none,26,88,16
male,kamba,polytechnic,standard,none,20,24,90
female,luhya,kcse,free/reduced,completed,57,0,77
female,kikuyu,university,standard,none,68,60,25
female,maasai,university,free/reduced,completed,66,72,23
female,kikuyu,polytechnic,standard,completed,52,87,60
male,kikuyu,university,standard,none,39,1,71
male,luhya,kcse,standard,completed,83,93,19
female,kikuyu,polytechnic,free/reduced,none,63,47,65
male,maasai,university,standard,none,7,50,62
female,kamba,polytechnic,free/reduced,none,31,81,40
female,luhya,university,free/reduced,none,96,83,68
female,luhya,university,free/reduced,none,68,89,15
female,kikuyu,kcpe,free/reduced,none,27,69,21
female,kikuyu,university,free/reduced,none,24,85,19
male,kikuyu,kcpe,free/reduced,completed,55,34,28
male,luo,kcse,standard,completed,8,97,97
male,maasai,kcpe,standard,none,44,38,10
male,kikuyu,polytechnic,standard,none,53,91,24
female,luo,kcse,free/reduced,completed,90,49,25
male,luhya,kcpe,free/reduced,none,38,4,53
male,maasai,kcse,free/reduced,none,27,83,7
male,luo,university,standard,completed,98,51,20
male,luhya,kcse,free/reduced,none,43,33,99
female,kamba,university,free/reduced,completed,76,85,87
female,kamba,polytechnic,standard,completed,8,4,62
female,maasai,university,free/reduced,completed,40,51,62
female,luo,university,free/reduced,completed,32,89,78
female,luo,university,standard,none,64,71,15
male,luhya,kcpe,free/reduced,none,81,56,4
female,kamba,polytechnic,standard,none,76,36,94
male,kamba,kcse,free/reduced,completed,16,51,96
male,kikuyu,university,free/reduced,completed,75,95,85
female,luo,kcse,standard,completed,79,61,1
female,maasai,kcse,free/reduced,completed,92,61,50
female,kamba,university,standard,none,51,66,23
female,maasai,kcpe,free/reduced,none,64,57,64
female,maasai,polytechnic,free/reduced,none,92,25,14
male,kikuyu,university,standard,none,36,12,91
male,kamba,university,free/reduced,completed,60,61,77
female,maasai,polytechnic,free/reduced,completed,18,5,37
male,kamba,kcpe,standard,none,81,35,52
male,kikuyu,polytechnic,standard,completed,25,94,98
female,luhya,university,free/reduced,none,40,52,76
female,luhya,polytechnic,free/reduced,completed,25,9,2
female,luhya,kcse,free/reduced,completed,4,49,97
male,maasai,kcse,standard,completed,10,81,78
male,maasai,kcse,free/reduced,completed,97,56,17
female,maasai,kcpe,free/reduced,completed,86,29,44
female,kamba,kcse,standard,none,97,75,71
male,luo,polytechnic,standard,completed,82,61,27
male,kamba,kcpe,standard,completed,35,34,23
male,luhya,polytechnic,standard,none,84,43,99
female,luo,kcpe,standard,none,5,33,65
female,kikuyu,polytechnic,free/reduced,none,58,28,71
male,luo,university,free/reduced,completed,99,22,57
female,kikuyu,kcpe,free/reduced,completed,47,89,75
male,maasai,university,standard,none,77,91,57
female,luhya,university,free/reduced,none,30,17,10
male,maasai,university,standard,completed,11,33,8
female,kamba,university,free/reduced,completed,8,97,14
female,maasai,university,free/reduced,completed,26,89,93
female,maasai,university,standard,completed,95,84,95
female,luo,polytechnic,free/reduced,completed,90,7,26
male,kikuyu,kcse,standard,none,50,64,51
male,luhya,kcpe,standard,none,19,12,41
male,maasai,polytechnic,free/reduced,none,55,71,80
female,maasai,polytechnic,standard,completed,31,44,41
female,kikuyu,polytechnic,free/reduced,completed,70,87,45
female,kamba,polytechnic,free/reduced,completed,51,38,95
female,kamba,kcse,standard,completed,37,2,26
male,luo,kcse,free/reduced,completed,11,59,69
male,kikuyu,kcpe,free/reduced,none,79,73,77
male,maasai,kcpe,standard,none,44,30,9
male,kamba,polytechnic,free/reduced,completed,53,62,21
male,kamba,kcpe,free/reduced,completed,4,50,2
male,luhya,university,free/reduced,none,99,26,32
female,luhya,polytechnic,standard,none,17,12,68
female,luo,kcpe,standard,completed,25,18,40
male,kamba,kcpe,free/reduced,none,54,29,6
female,kamba,university,standard,completed,76,58,65
male,kikuyu,polytechnic,free/reduced,completed,0,38,53
male,luhya,kcse,standard,none,96,70,52
female,luhya,polytechnic,standard,completed,70,66,62
male,kamba,kcse,free/reduced,completed,99,49,63
female,luo,kcpe,free/reduced,completed,41,77,76
male,kamba,kcse,free/reduced,none,83,51,58
male,maasai,polytechnic,standard,none,99,80,45
male,luhya,kcpe,standard,completed,93,31,86
male,luhya,kcse,free/reduced,none,87,8,76
female,kikuyu,kcse,standard,completed,25,31,16
male,luo,polytechnic,standard,completed,84,25,67
male,kikuyu,kcpe,free/reduced,none,44,18,86
female,luhya,kcpe,standard,completed,72,83,24
female,luo,kcse,standard,none,38,92,5
male,kamba,kcse,standard,completed,86,65,84
male,kamba,kcse,standard,completed,50,57,10
female,luo,university,standard,completed,15,90,60
male,maasai,kcpe,standard,completed,4,30,89
female,kamba,kcse,free/reduced,none,75,21,26
male,kikuyu,kcse,free/reduced,completed,26,75,25
female,kamba,kcpe,standard,none,75,35,94
male,kamba,university,standard,none,26,98,25
female,maasai,kcpe,free/reduced,none,76,54,69
female,kamba,university,free/reduced,none,28,64,27
female,kikuyu,polytechnic,standard,completed,0,63,64
male,kikuyu,kcpe,free/reduced,completed,69,88,33
female,kikuyu,kcpe,free/reduced,none,57,46,2
male,luhya,polytechnic,standard,none,13,96,73
female,kamba,kcpe,free/reduced,none,22,40,78
female,kamba,polytechnic,free/reduced,none,88,58,61
male,luo,university,standard,none,61,68,39
male,maasai,kcpe,standard,completed,90,29,23
male,luhya,polytechnic,standard,none,62,51,52
female,kamba,kcse,standard,none,5,54,69
female,kikuyu,university,standard,completed,82,56,34
male,luhya,university,free/reduced,completed,44,82,95
male,luhya,kcse,standard,none,92,52,2
male,kikuyu,kcse,standard,none,67,66,78
male,luo,polytechnic,free/reduced,none,23,33,27
male,kamba,kcse,free/reduced,completed,9,89,27
male,maasai,kcpe,standard,completed,51,27,64
female,luo,polytechnic,standard,none,5,86,85
male,maasai,university,standard,completed,90,42,17
male,maasai,kcpe,free/reduced,none,33,6,72
male,kamba,kcpe,standard,completed,1,53,8
male,luhya,university,standard,completed,63,93,45
female,kikuyu,kcpe,standard,none,96,32,13
male,maasai,university,free/reduced,none,84,23,20
male,luo,university,standard,completed,61,37,21
male,kamba,university,standard,none,91,10,87
female,kamba,university,standard,completed,76,9,1
female,luo,polytechnic,standard,completed,31,65,38
male,maasai,kcpe,free/reduced,none,91,64,56
female,maasai,kcse,free/reduced,completed,58,3,75
male,maasai,polytechnic,free/reduced,completed,3,25,24
male,luo,kcse,standard,completed,84,61,93
male,maasai,polytechnic,free/reduced,none,10,76,31
female,luo,kcpe,standard,completed,51,67,21
male,kamba,university,standard,none,73,98,92
male,luo,kcse,standard,none,69,91,76
male,kikuyu,polytechnic,standard,completed,13,49,92
female,luhya,kcpe,standard,none,60,1,65
female,luhya,kcpe,standard,none,81,8,95
female,kikuyu,polytechnic,standard,none,58,97,54
male,luo,university,standard,completed,45,95,10
male,luhya,polytechnic,standard,none,25,29,92
female,kikuyu,polytechnic,free/reduced,none,3,48,48
male,maasai,polytechnic,standard,completed,64,60,21
female,kikuyu,university,free/reduced,none,78,77,75
female,luhya,kcse,free/reduced,none,14,78,4
male,luo,polytechnic,standard,none,87,28,78
male,luo,kcpe,free/reduced,completed,70,80,53
male,luo,kcse,free/reduced,none,15,99,99
male,luhya,kcpe,free/reduced,none,5,88,55
male,maasai,kcpe,free/reduced,none,54,45,42
male,luo,polytechnic,standard,completed,0,6,95
male,kamba,kcse,standard,completed,71,18,43
male,maasai,polytechnic,standard,completed,61,56,72
female,kikuyu,kcpe,standard,none,81,33,22
male,kamba,polytechnic,standard,completed,32,8,39
